    "product","price"
"212 vip black elixir men 100 ml","120"
"9 pm night out","50"
"PI givenchy caballero edt 100 ml","60"
"Afnan 9 am dive edp 100 ml caballero","35"
"Afnan 9 am pour femme","40"
"Afnan 9 pm edp 100 ml","35"
"Afnan 9 pm elixir 100 ml caballero","50"
"Afnan 9 pm pour femme 100 ml edp","40"
"Afnan 9 pm rebel 100 ml edp","45"
"Afnan bouquet mystique edp 80ml dama edp","40"
"Afnan highness vi caballero","65"
"Afnan supremacy collectors editon 100 ml edp","55"
"Afnan turathi blue 100ml edp","40"
"Afnan turathi electric 90ml unisex","50"
"Al haramain amber oud dubai night 75 ml extrait de parfum","75"
"Al haramain amber oud gold edition 120 ml","65"
"Al haramain amber oud rouge 60 ml","40"
"Al haramain aqua dubai 75 ml","60"
"Al haramain l aventure femme edp 100ml","60"
"Amor amor dama 100 ml","45"
"Anais anais dama 100 ml","45"
"Anarchy the rebel one edp 100 ml dama","65"
"Antonio banderas 200 ml blue seduction","35"
"Antonio banderas black seduction 100 ml caballero","30"
"Antonio banderas black seduction edt 200ml","35"
"Antonio banderas blue seduction 100 ml edt caballero","30"
"Antonio banderas blue seduction 200 ml dama","35"
"Antonio banderas blue seduction summer essence caballero 100 ml edt","30"
"Antonio banderas dama 80 ml edt","30"
"Antonio banderas king of seduction edt 200ml","35"
"Antonio banderas the icon dama edp 100ml","30"
"Antonio banderas the icon edt 200ml","40"
"Antonio banderas the icon the perfume edp 100ml","30"
"Ariana grande ari edp 100ml","65"
"Ariana grande cloud 2.0 intense edp 100 ml","75"
"Ariana grande cloud edp 100ml","75"
"Ariana grande cloud pink edp 100ml","70"
"Ariana grande sweet like candy 100 ml","50"
"Ariana grande thank u next edp 100ml","65"
"Armaf beach party 100 ml edp","45"
"Armaf blue homme edp 100 ml","30"
"Armaf bon bon edp 100 ml dama","65"
"Armaf caballo blanco edp 100 ml","40"
"Armaf check qmate queen 100ml dama edp","55"
"Armaf checkmate king 100ml caballero edp","55"
"Armaf club de nui oud 1 parfum 105ml","80"
"Armaf club de nuit bling edp 75ml","60"
"Armaf club de nuit iconic blue 105 ml","50"
"Armaf club de nuit imperiale 105 ml","45"
"Armaf club de nuit intense edt 105 ml caballero","35"
"Armaf club de nuit milestone edp 105 ml","45"
"Armaf club de nuit precieux 55 ml","65"
"Armaf club de nuit private key to my life extrait de parfum 100ml","65"
"Armaf club de nuit private key to my soul extrait de parfum 100ml","65"
"Armaf club de nuit sillage edp 105 ml","45"
"Armaf club de nuit untold edp 105 ml","50"
"Armaf club de nuit urban man 105 ml edp","35"
"Armaf club de nuit woman edp 1o5 ml dama","40"
"Armaf dubai delicacy cotton candy edp 70 ml dama","45"
"Armaf eter desert breeze edp 100 ml","55"
"Armaf eter desert flower edp 100 ml","55"
"Armaf fade edp 80 ml","35"
"Armaf lion heart woman 100 ml edp","45"
"Armaf maleka 100 ml unisex","45"
"Armaf man connoisseur edp 100 ml","45"
"Armaf niche black onyx","45"
"Armaf niche purple amethyst edp 90ml","45"
"Armaf odyssey aqua 100 ml edp","40"
"Armaf odyssey aqua 200 ml men","50"
"Armaf odyssey artisto 100 ml edp","50"
"Armaf odyssey ba ha mas edp 100 ml","45"
"Armaf odyssey candee edp 100ml","40"
"Armaf odyssey dubai chocolat 100 ml edp","50"
"Armaf odyssey homme 100 ml edp","40"
"Armaf odyssey homme 200 ml","60"
"Armaf odyssey homme white 100 ml edp","35"
"Armaf odyssey homme white edition 200 ml edp","60"
"Armaf odyssey limoni 100 ml edp","40"
"Armaf odyssey mandarin sky 100 ml edp","33"
"Armaf odyssey mandarin sky vintage edition edp 100ml","55"
"Armaf odyssey mega 100 ml edp","40"
"Armaf odyssey spectra men 100ml edp","35"
"Armaf odyssey tyrant edp 100 ml","35"
"Armaf ombre oud intense black 100 ml","50"
"Armaf spade age","45"
"Armaf tag - him men 100 ml","35"
"Armaf tag umo rosso edp 100 ml","40"
"Armaf the pride rose oud edp 100 ml dama","45"
"Armaf venetian girl 100 ml edp","45"
"Armaf ventana black 1oo ml edp","25"
"Armaf ventana marine caballero edp 100 ml","35"
"Armaf victory pour homme 100 ml edp","35"
"Armaf voyage hawaii edp 100ml","35"
"Assala fakhama edp 100ml","25"
"Azzaro most wanted intense edp 100 ml","100"
"Benetton cold 100 ml men","20"
"Benetton colors sisterland golden vanilla edp 80ml dama","25"
"Benetton colors sisterland pink rasberry edt 80 ml dama","25"
"Benetton colors sisterland red rose edt 80 ml dama","25"
"Benetton colors sisterland stranger things edp 80 ml dama","25"
"Benetton hot 100 ml lady","20"
"Benetton united colors sisterland blush cherry edp 80 ml dama","25"
"Benetton united infierno paraiso pink edt 100 ml dama","25"
"Bharara beauty bullet bronze 75 ml","30"
"Bharara beauty champagne black edp 100 ml","25"
"Bharara beauty romme paradox 100 ml edp","40"
"Bharara beauty romme pour homme 100 ml edp","40"
"Bharara chocolate edp 100ml","75"
"Bharara essence 100ml","70"
"Bharara ivory edp 100 ml caballero","40"
"Bharara king 100ml edp","65"
"Bharara king parfum 100 ml","90"
"Bharara king soleil 100ml","85"
"Boss the scent edt 100ml","65"
"Britney spears fantasy edp 100 ml","35"
"Calvin klein ck one edt 200 ml caballero","45"
"Calvin klein ck one shock edt 100 ml caballero","35"
"Calvin klein ckin2u edt 100 ml dama","30"
"Calvin klein obsession edp 100ml","45"
"Carolina herrera 212 men heroes 150 ml edt","100"
"Carolina herrera 212 sexy men edt 100ml","85"
"Carolina herrera 212 vip rose edp 80ml","120"
"Carolina herrera bad boy edt 100ml","130"
"Carolina herrera bad boy extreme edp 100ml","120"
"Carolina herrera ch lady edt 100ml dama","100"
"Carolina herrera good girl blush edp 80ml","155"
"Carolina herrera good girl edp 80ml","140"
"Carolina herrera good girl very edp 80ml","145"
"Ch carolina good girl bowtasti","165"
"Ch ch men 100 ml","95"
"Ch wild love lady 100 ml","145"
"Chanel n 5","290"
"Clinique happy de dama edp 100 ml","55"
"Club de nuit urban man elixir 105 ml edp","45"
"Conffidential private gold unisex 100 ml","25"
"Davidoff cool water 125 ml caballero","35"
"Davidoff cool water DAMA edt 100ml","35"
"Davidoff cool water sea rose lady 100 ml","35"
"Decantas moshino dama","8"
"Decants amethys 10 ml","6"
"Decants club de nuit intesnse","7"
"Decants hallowen dama 10 ml","8"
"Decants haramain rouge","8"
"Decants hayaati black","6"
"Decants khamrha qahwa","8"
"Decants noble blush","8"
"Decants versace eros energy","13"
"Decants yara candy","8"
"Dkny 24/7 edp 100ml","65"
"Dkny be delicious edp 100 ml dama","60"
"Dkny be delicious estuche 2 pzas duo edp 30 ml","40"
"Dkny be delicious st edp 100 ml dama","40"
"Dolce gabbana ligth blue edt 100 ml","70"
"Dolce light blue 200 ml edt men","85"
"Dumont paris nitro platinum edp 100ml","45"
"Dumont paris nitro red edp 100ml","37"
"Dumont paris nitro red intensely extrait de parfum 100ml","55"
"Elizabeth arden sunflower lady 100ml","25"
"Emper aruba gold 100 ml edp unisex","40"
"Emper mandora stallion","30"
"Emper the scent of karol edp 100ml","30"
"Emporio armani stronger with you intensely edp 100ml","130"
"Escada sorbetto rosso edt 100 ml dama","40"
"Fragluxe invincible edt 100ml","10"
"Fragluxe water made edt 100 ml","10"
"French avenue liquid brun","55"
"French avenue vulcan feu 100 ml","50"
"Game of spade wildcard unisex 100 ml","90"
"Giorgio armani acqua di gioia edp 100 ml","115"
"Giorgio armani aqcua di gio edt 100 ml","95"
"Giorgio armani aqcua di gio parfum 100 ml","145"
"Golden bullet top gum 100 ml edp","35"
"Gucci rush 75 ml lady","55"
"Guess clásico rosado 75 ml","35"
"Guess gold edp 75ml","35"
"Guess marciano dama 100 ml","35"
"Halloween clasico de dama","45"
"Halloween x men 125 ml","50"
"Happy clinique for men 100 ml edt","45"
"Happy heart 100 ml dama","50"
"Hawas clasico 1oo ml edp","40"
"Hawas diva 100 ml edp","55"
"Hawas eclat 1oo ml edp","50"
"Hawas elixir 100 ml edp","40"
"Hawas fire","55"
"Hawas for her pink edp 100 ml dama","60"
"Hawas for him atlantis 100 ml caballero edp","60"
"Hawas for him black edp 100 ml caballero","45"
"Hawas for him viper edp 100 ml caballero","60"
"Hawas kobra edp 100 ml","55"
"Hawas london edp 100 ml","60"
"Hawas malibu","55"
"Hawas tropical edp 100ml","55"
"Haya de le chameaud 100ml dama edp","35"
"Hugo boss bottled edp 100ml","75"
"Hugo boss bottled edt 100ml","60"
"Hugo boss bottled elixir parfum intense 100ml","95"
"Hugo boss bottled infinite edp 100ml","80"
"Hugo boss bottled night edt 100ml","60"
"Hugo boss bottled tonic edt 100ml","60"
"Hugo boss bottled triumph elixir 100ml edp","100"
"Hugo boss bottled unlimited edt 100ml","60"
"Hugo boss dark blue","40"
"Hugo boss deep red dama edp 90ml","40"
"Hugo boss energise edt 75ml","35"
"Hugo boss xx dama edt 100ml","35"
"Hugo boss xy caballero edt 100ml","35"
"Issey miyake caballero edt 125 ml","55"
"Issey miyake dama edt 10o ml","55"
"Issey miyake nuit d'issey edt 125ml caballero","55"
"Jacques saint ciel dama 100 ml edp","15"
"Jean paul gaultier flower edition edp 125 ml","145"
"Jean paul gaultier la belle paradise garden","145"
"Jean paul gaultier le beau paradise garden edp 125 ml","155"
"Jean paul gaultier le male elixir 125 ml","150"
"Jean paul gaultier le male elixir absolu 125 ml","150"
"Jean paul le male parfum 125 ml","135"
"Jeanne arthes caliber 12 edt","15"
"Jo milano game of spades all in parfum 100 ml caballero","90"
"Jo milano game of spades bonus parfum 100 ml unisex","95"
"Jo milano game of spades double bonus 100 ml caballero","90"
"Jo milano game of spades no limit parfum 100 ml caballero","90"
"Jo milano game of spades rouge parfum edp 100 ml dama","90"
"Joop homme edt 200ml","45"
"Jpg le beau le parfum edp 125 ml","165"
"Jpg le male 125 ml men","110"
"Jpg scandal le parfum int 125 ml","130"
"Katy perry meow dama 100 ml","30"
"Katy perry purr lady 100 ml","30"
"Kenzo flower 100 ml edp lady","70"
"Kenzo marine edt 110 ml","65"
"La bomba carolina herrera edp 80 ml","190"
"Lacoste blanco edt 175ml","70"
"Lacoste touch of pink 90 ml edt","45"
"Lagarfeld 150 ml","35"
"Lancome la vida es bella edp 100ml","140"
"Lapidus pour homme edt 100ml","35"
"Lattafa afeef 100 ml unisex","45"
"Lattafa mayar natural intense edp 100ml","35"
"Lattafa qaed al fursan negro 90 ml","25"
"Lattafa reminescence oud mood edp 100ml","40"
"Lattafa ajwad clasico edp 100 ml","28"
"Lattafa ajwad pink to pink edp 60ml","28"
"Lattafa amethyst 100 ml","40"
"Lattafa ana abiyedh edp rouge 100 ml dama","28"
"Lattafa angham edp 100 ml unisex","35"
"Lattafa art of arabia edp 20ml","15"
"Lattafa art of universe 1oo ml edp","50"
"Lattafa asad bourbon edp 100 ml","35"
"Lattafa asad caballero 100 ml","30"
"Lattafa asad elixir 100ml caballero","45"
"Lattafa asad zanzibar 100 ml caballero edp","30"
"Lattafa atheeri edp 100 ml","40"
"Lattafa atlas edp 55 ml","45"
"Lattafa badee al oud noble blush","35"
"Lattafa badee al oud sublime 3 pzas edp unisex","50"
"Lattafa eclaire 100 ml","40"
"Lattafa eclaire banoffi unisex edp 100 ml","50"
"Lattafa eclaire pistache","50"
"Lattafa ejaazi silver edp","28"
"Lattafa ejaazi verde edp 100 ml","28"
"Lattafa emeer edp 100 ml","50"
"Lattafa fakhar black 100ml caballero edp","40"
"Lattafa fakhar blanco dama 100ml edp","35"
"Lattafa fakhar dorado edp 100 ml","35"
"Lattafa haya edp 100ml","45"
"Lattafa hayaati al maleky 100 ml","25"
"Lattafa hayaati black 100 ml caballero edp","28"
"Lattafa hayaati florence dama edp 100 ml","25"
"Lattafa hayaatin edp 100 ml","35"
"Lattafa her confession dama edp 100 ml","60"
"Lattafa his confession caballero 100 ml edp","55"
"Lattafa honor y glory 100 ml","35"
"Lattafa ishq al shuyukh silver 100ml caballero edp","40"
"Lattafa jassor edp 100 ml caballero","40"
"Lattafa khamrah clasico edp 100 ml","35"
"Lattafa khamrah dukhan 100 ml edp","45"
"Lattafa khamrah qahwa 100 ml","35"
"Lattafa layaan edp 100 ml dama","26"
"Lattafa maahir legacy 1oo ml edp","35"
"Lattafa mahasin crystal violet 100 ml dama edp","35"
"Lattafa mayar cheery 100 ml","35"
"Lattafa mayar rosado edp 100ml","35"
"Lattafa najdia black 100 ml edp","30"
"Lattafa najdia intense 100ml edp","30"
"Lattafa nebras edp 100 ml dama","35"
"Lattafa nebras elixir edp 100 ml dama","45"
"Lattafa oud for glory 100 ml","35"
"Lattafa pride art of arabia 1 edp 100 ml","55"
"Lattafa pride art of arabia iii 20 ml","15"
"Lattafa pride art of arabia iii edp 100 ml","55"
"Lattafa pride pisa caballero edp 100ml","45"
"Lattafa qaed al fursan unlimited 90 ml dama","25"
"Lattafa qaed al fursan untamed 90 ml edp","28"
"Lattafa qimmah for men edp 100 ml","25"
"Lattafa qimmah for women edp 100 ml","35"
"Lattafa raed plateado edp 100 ml","30"
"Lattafa ramz silver 100ml edp","25"
"Lattafa rave now women pink 100 ml","25"
"Lattafa shaen gold 100ml unisex edp","40"
"Lattafa sublime dama 100 ml","35"
"Lattafa suqraat cabaellero edp 100 ml","40"
"Lattafa taweel 100ml edp","45"
"Lattafa teriaq intense 1oo ml edp","50"
"Lattafa the kingdom dama edp 100ml","40"
"Lattafa the kingdon 100 ml caballero edp","40"
"Lattafa velvet oud 100 ml caballero","30"
"Lattafa vintage radio edp 100 ml","40"
"Lattafa winner trophy silver 100 ml","35"
"Lattafa yara candy edp 100 ml dama","35"
"Lattafa yara clasico rosado 100 ml dama edp","30"
"Lattafa yara elixir 100 ml edp dama","45"
"Lattafa yara moi edp 100 ml dama","35"
"Lattafa yara set 4 piezas edp 5 ml dama","35"
"Lattafa yara tous edp 100 ml dama","35"
"Le chameau arabia code edp caballero 100 ml","35"
"Le chameau arabia haya crush edp 100 ml","40"
"Le chameau arabia haya rosado edp 100 ml","40"
"Le chameau arabia the beauty edp 100 ml caballero","40"
"Lomani millionaire edt 100ml caballero","30"
"Macarena boulevard rouge edp 100 ml","20"
"Maison alhambra aquilo pour homme 100 ml edp","35"
"Maison alhambra baroque rouge edp 100 ml","25"
"Maison alhambra delilah dama 100 ml edp","30"
"Maison alhambra glacier le noir edp 100ml","35"
"Maison alhambra glacier pour homme edp 100ml","35"
"Maison alhambra glacier ultra edp 100ml","35"
"Maison alhambra kismet for women 100 ml edp","35"
"Maison alhambra la rouge baroque blanco edp 100 ml","25"
"Maison alhambra opera rouge edp 100 ml unisex","25"
"Maison alhambra party edp 100 ml dama","25"
"Maison alhambra pink shimmer secret edp 100 ml dama","25"
"Maison alhambra vogue rouge edp 100 ml","25"
"Mandarin sky elixir 100 ml","50"
"Mast perfume peace for him edp 100ml","35"
"Mast perfume rouge for joy edp 100 ml","35"
"Montale arabians tonka 100 ml","140"
"Montblanc legend edp 100ml","65"
"Montblanc signature 90 ml","60"
"Montblanc starwalker edt 75ml","45"
"Moschino toy 2 100 ml lady","55"
"Moschino toy boy men 100 ml","55"
"Moshino pink bouquet 100 ml dama","40"
"Moshino toy 2 bubble gum edt 100 ml","55"
"Musaman white","45"
"Myslf yves saint laurent edp 100 ml","150"
"Nautica voyage 200 ml edt","37"
"Nautica voyage edt 100 ml caballero","25"
"New brand commando edt 100ml","15"
"New brand douceur 100 ml dama","15"
"New brand luxury edt 1oo ml","15"
"New brand pink edp 100 ml dama","15"
"New brand seduction caballero 100 ml edt","15"
"New brand sun edp 100 ml dama","15"
"Nitro black intense 100 ml edp","45"
"Nitro blue","40"
"Nitro brown","40"
"Nitro elixir 100 ml edp","55"
"Nitro green","40"
"Nitro white edp 100 ml","45"
"Odyssey marhmallow dama edp 100 ml","40"
"Odyssey mega edp 200 ml","60"
"Orientica azure fantasy extrait de parfum","120"
"Orientica desert dusk edp 80 ml unisex","85"
"Orientica le motif imperial gold 100 ml caballero","80"
"Orientica rose eclat edp 80 ml unisex","85"
"Orientica royal amber edp 80 ml unisex","65"
"Orientica royal amber rouge edp 80 ml","75"
"Orientica royal collection victory edp 80 ml unisex","85"
"Orientica xo xclusif oud sport 60 ml","40"
"Paco fame love elixir 80 ml","150"
"Paco one million 100 ml men edt 100 ml","100"
"Paco phantom red elixir parfum","150"
"Paco rabanne fame couture edition 80 ml edp dama","135"
"Paco rabanne invictus edt 100 ml caballero","100"
"Paco rabanne invictus parfum 100 ml caballero","120"
"Paco rabanne invictus victory elixir 100ml","130"
"Paco rabanne ultraviolet edp 80 ml edp dama","55"
"Paris hilton clasico de dama edt 100 ml","35"
"Paris hilton caballero clasico edt 100 ml","35"
"Paris hilton can can edp 100 ml","35"
"Paris hilton dazzle edp 125ml","35"
"Paris hilton just me lady 100 ml","35"
"Patek maison bleu edp 90 ml","75"
"Perry ellis 360 edt 100 ml dama","35"
"Perry ellis 360 for men edt 100 ml","40"
"Perry ellis 360 red dama edp 100 ml","35"
"Perry ellis red 360 caballero 100 ml","35"
"Phantom my hero 100 ml","25"
"Phillipp plein no limits edp 90ml","65"
"Quorum edt 100 ml caballero","25"
"Ralph lauren polo blue edt 100ml","60"
"Ralph lauren polo red","75"
"Rasasi hawas ice 100 ml edp","50"
"Rave now unisex 100 ml","25"
"Rave now white unisex 100 ml n","25"
"Red heat top gun 100ml edp","35"
"Revlon ciara edt 68ml","20"
"Rome extradose 100 ml caballero edp","40"
"Rome imagine caballero edp 100 ml","40"
"Rome ivory dama 100 ml edp","40"
"Rome pour femme edp 100 ml","40"
"Salvatore ferragamo flowerful dama 100 ml","50"
"Set 2 piezas calvin klein ck be edt 200ml desodorante","50"
"Set 9 am dama 4 pzas","55"
"Set 9 pm rebel 3 pzas","50"
"Set arabia gift 4 piezas","35"
"Set ariana pink 3 piezas","85"
"Set armaf collection club de nuit 12 piezas mini","165"
"Set armaf tag uomo rosso edp 4 piezas","50"
"Set art of universe 3 piezas caballero","60"
"Set blue stallion 2 piezas edp 100ml 20ml","30"
"Set carolina herrera bad boy 3 piezas 100 ml","135"
"Set ck one 4 piezas caballero","65"
"Set club de nuit intense man 4 piezas","55"
"Set donna intense stallion 2 piezas edp 100ml 20ml","30"
"Set eclaire 2 pzas","45"
"Set emper stallion 53 4 piezas","40"
"Set game of spades royale","100"
"Set honor y glory 3 piezas","45"
"Set ishq al shuyukh silver 3 piezas","55"
"Set issey miyake 2 pzas caballero edt","60"
"Set issey miyake 3 piezas","65"
"Set jo milano game of spades wilcar 3 piezas","100"
"Set lattafa hayaati black edp 3 piezas","50"
"Set lattafa maahir legacy edp 3 piezas","45"
"Set lattafa yara aniversario","50"
"Set moschino pearl 4 piezas unisex","110"
"Set new brand commando 4 piezas","25"
"Set odyssey aqua 4 piezas","60"
"Set odyssey mandarin sky 4 PIEZAS","70"
"Set perry ellis 18 fuego edt 4 piezas","45"
"Set perry ellis 360 white edt 3 piezas","45"
"Set perry ellis america edt 4 piezas","45"
"Set perry ellis aqua edt 4 piezas","45"
"Set perry ellis blanco y negro edt 4 piezas","45"
"Set pisa 3 pzas caballero","60"
"Set rome pour femme 2 piezas","45"
"Set rome pour homme caballero 2 pzas","45"
"Set supremacy collectors edition 3 pzas caballero","70"
"Set travel polo red men 2 pzas","80"
"Set untol","65"
"Set yara clásico mas spray dama.","40"
"Shakira amarillo edp 80 ml dama","35"
"Shakira fucsia edt 80 ml dama","35"
"Shakira rojo edp 80 ml dama","35"
"Splash ariana grande god is a woman 236ml","20"
"Spray armaf odyssey candee 200ml","12"
"Stallion 53 100ml edp","35"
"Stallion 53 9 to 9 100 ml y 20 ml","30"
"Stallion 53 intenso unisex 100 ml y 20 ml","30"
"Stallion 53 uomo intense caballero 100 ml y 20 ml","30"
"Supremacy not only intense luxury men 100 ml (3.4 oz)","50"
"Supremacy not only intense luxury unisex 150 ml (5.07 oz)","55"
"Supremacy purple woman 100 ml","35"
"Tester azzaro wanted forever elixir parfum 100 ml caballero","95"
"Tester bvlgari omnia amethyste edt 65ml","65"
"Tester carolina herrera bad boy cobalt edp 100ml","75"
"Tester carolina herrera good girl very edp 80ml","95"
"Tester ck in 2u edt 100 ml dama","25"
"Tester jpg la belle, le parfum 100 ml","95"
"Tester jpg paradise garden edp 125 ml caballero","80"
"Tester paco rabanne fame INTENSE edp 80ml","85"
"Tester paco rabanne fame edp 80ml","85"
"Tester paco rabanne one million edt 100ml","70"
"Tester versace eros edp 100 ml caballero","70"
"Thurati red woman 90 ml edp","40"
"Tommy girl dama 200 ml edt","60"
"Tommy hilfiger clasico edt 200 ml caballero","65"
"Tommy hilfiger impact intense edp 100 más 4 ml caballero","45"
"Tommy men 100 ml caballero","45"
"Tous love me edp 90 ml dama","60"
"Tous love me onyx edp 90 ml dama","75"
"Tubbees berry blast edp 50ml","15"
"Tubbees bubble gum edp 50ml","15"
"Tubbees candy pop edp 50ml","15"
"Tubbees cherry luxe edp 50ml","15"
"Tubbees chocolate fudge edp 50ml","15"
"Tubbees cookies & cream edp 50ml","15"
"Tubbees cotton candy edp 50ml","15"
"Tubbees dreamy treats edp 50ml","15"
"Tubbees pink sugar edp 50ml","15"
"Tubbees strawberry cheesecake edp 50ml","15"
"Tubbees sweet caramel edp 50ml","15"
"Tubbees unicorn vanilla edp 50ml","15"
"Valentino born roma coral men 100 ml","145"
"Valentino donna born in roma edp 100ml","160"
"Valentino uomo bor in roma intense caballero 100 ml edp","170"
"Valentino uomo born in roma edt 100ml","150"
"Valentino uomo born in roma green stravaganza","125"
"Valentino uomo born in roma yellow dream men","125"
"Vasitos de lattafa","55"
"Versace Dylan blue edt 200 ml caballero","90"
"Versace blue jeans caballero edt 75 ml","30"
"Versace eros edp 100 ml caballero","85"
"Versace eros edp 200 ml caballero","110"
"Versace eros flame edp 100 ml caballero","90"
"Versace eros flame edp 200 ml caballero","95"
"Versace red jeans dama 75 ml edt","30"
"Victorinox swiss army altitud edt 100 ml","35"
"Vulcan baie dama 100 ml","50"
"Vulcan sable unisex 100 ml","55"
"Xerjoff erba pura edp 100 ml","300"
"Xoxo 100 ml lady","30"
"Yum yum dama 100 ml edp","50"
"Yves saint laurent libre edp 90 ml","155"
"Yves saint laurent y edp 100 ml caballero","150"
"Zakar parfum z39 edp 100ml","35"
"Zakat couture secrets of arabia edp 100ml","30"
"Zakat heaven secrets of arabia EDP 100ML","30"
"Zimaya musk is great 100 ml","35"
